apps,family
app0,1
app1,1
app10,1
app100,1
app1000,1
app1001,1
app1002,1
app1003,1
app1004,1
app1005,1
app1006,1
app1007,1
app1008,1
app1009,1
app1010,1
app1011,1
app1012,1
app1013,1
app1014,1
app1015,1
app1017,1
app1018,1
app1019,1
app102,1
app1021,1
app1022,1
app1023,1
app1024,1
app1025,1
app1026,1
app1027,1
app1028,1
app1029,1
app103,1
app1030,1
app1031,1
app1032,1
app1033,1
app1034,1
app1035,1
app1036,1
app1037,1
app1038,1
app1039,1
app104,1
app1040,1
app1041,1
app1042,1
app1043,1
app1044,1
app1045,1
app1046,1
app1047,1
app1048,1
app1049,1
app105,1
app1050,1
app1051,1
app1052,1
app1053,1
app1055,1
app1056,1
app1057,1
app1058,1
app1059,1
app1060,1
app1061,1
app1062,1
app1063,1
app1064,1
app1065,1
app1066,1
app1067,1
app1068,1
app107,1
app1070,1
app1071,1
app1072,1
app1073,1
app1074,1
app1075,1
app1076,1
app1077,1
app1078,1
app1079,1
app108,1
app1080,1
app1081,1
app1082,1
app1083,1
app1084,1
app1085,1
app1086,1
app1087,1
app1088,1
app1089,1
app109,1
app1090,1
app1091,1
app1092,1
app1093,1
app1094,1
app1095,1
app1096,1
app1097,1
app1098,1
app1099,1
app11,1
app110,1
app1100,1
app1101,1
app1102,1
app1103,1
app1104,1
app1105,1
app1106,1
app1107,1
app1108,1
app1109,1
app111,1
app1110,1
app1111,1
app1112,1
app1113,1
app1114,1
app1115,1
app1116,1
app1117,1
app1118,1
app1119,1
app112,1
app1120,1
app1121,1
app1122,1
app1123,1
app1124,1
app1125,1
app1126,1
app1127,1
app1128,1
app113,1
app1130,1
app1131,1
app1132,1
app1133,1
app1134,1
app1135,1
app1136,1
app1138,1
app114,1
app1140,1
app1141,1
app1142,1
app1143,1
app1144,1
app1145,1
app1146,1
app1147,1
app1148,1
app1149,1
app115,1
app1150,1
app1151,1
app1152,1
app1153,1
app1154,1
app1155,1
app1156,1
app1157,1
app1158,1
app1159,1
app116,1
app1160,1
app1161,1
app1162,1
app1163,1
app1164,1
app1165,1
app1166,1
app1167,1
app1168,1
app1169,1
app117,1
app1170,1
app1171,1
app1172,1
app1173,1
app1174,1
app1176,1
app1177,1
app1178,1
app1179,1
app118,1
app1181,1
app1182,1
app1183,1
app1184,1
app1185,1
app1186,1
app1187,1
app1188,1
app1189,1
app119,1
app1190,1
app1191,1
app1192,1
app1193,1
app1194,1
app1196,1
app1197,1
app1198,1
app1199,1
app1201,1
app1202,1
app1203,1
app1204,1
app1205,1
app1206,1
app1207,1
app1208,1
app1209,1
app1210,1
app1211,1
app1212,1
app1213,1
app1214,1
app1215,1
app1216,1
app1217,1
app1218,1
app1219,1
app1220,1
app1221,1
app1222,1
app1223,1
app1224,1
app1225,1
app1226,1
app1229,1
app1230,1
app1231,1
app1232,1
app1234,1
app1235,1
app1236,1
app1237,1
app1238,1
app1239,1
app1240,1
app1242,1
app1243,1
app1244,1
app1245,1
app1246,1
app1247,1
app1248,1
app1249,1
app1250,1
app1251,1
app1252,1
app1253,1
app1254,1
app1255,1
app1256,1
app1257,1
app1258,1
app1259,1
app1260,1
app1261,1
app1262,1
app1263,1
app1264,1
app1265,1
app1266,1
app1267,1
app1268,1
app1269,1
app1270,1
app1271,1
app1272,1
app1273,1
app1274,1
app1275,1
app1277,1
app1278,1
app1279,1
app1280,1
app1281,1
app1282,1
app1283,1
app1285,1
app1286,1
app1287,1
app1288,1
app1289,1
app1290,1
app1291,1
app1292,1
app1293,1
app1294,1
app1295,1
app1296,1
app1297,1
app1298,1
app1299,1
app1300,1
app1301,1
app1302,1
app1303,1
app1304,1
app1305,1
app1306,1
app1307,1
app1308,1
app1309,1
app1310,1
app1311,1
app1312,1
app1313,1
app1314,1
app1315,1
app1316,1
app1317,1
app1318,1
app1319,1
app1320,1
app1321,1
app1322,1
app1323,1
app1325,1
app1327,1
app1328,1
app1329,1
app1330,1
app1331,1
app1332,1
app1333,1
app1334,1
app1335,1
app1336,1
app1337,1
app1338,1
app1339,1
app85,1
app89,1
app91,1
app93,1
tasker.terremote.com,0
tata.game.spread_image,0
tattoo.my.photo,0
tauzero7.android.particles.doublependulum,0
tauzero7.android.particles.doublependulum535dbe92b46e660a86034c62ed2703f9e423c738,0
tauzero7.android.relavis.blackhole.fastview_free,0
TaxACT.Mobile,0
taxi152.smarttaxi,0
taxreverser.com.main,0
tazkarty.app,0
tbmcmlxvi.lightfileexplorer,0
tbn_mobile.android,0
tc.mx.x10.hmax32,0
tc.rides.news,0
tc.scopettatab,0
tcc.android.apptorun,0
tcc.android.wowtubehpop,0
tcit.android.happylottery,0
tcp.a.b,0
tcp.me.an,0
tcpip.example.zelioeth,0
tdmobile.app,0
tea.dev.wallalterlifedemo,0
team.a.pantuntekateki.AOUUUGBOOKSCTUMZ,0
team.mu.engine,0
team.technocat.eggcatch,0
team.ua.wakeup,0
teb.nabawy,0
tebak.liga.indonesia,0
tech.mania.android.pbs.ilan,0
techbus.co.stashqrcode,0
techlife.sbs,0
Technicaljar.AutomaticSettingsChanger,0
technodev.Lal_kitab_ke_achuk_Totke,0
techplanet.mymemoa2bb4f533f950ba5378ce062636b311d306e5270,0
techplanet.passwordbank,0
tecnology.angs.knockr,0
tecnology.angs.knockr80B2A13AAB2AFD7D86CE27C6E4708A4F0F5FE532,0
tecnovoice.gpvreports.canon,0
ted.satpackkoreng,0
teddydroid.app.loa.free,0
teddypendergrass.songbook,0
tehepero.app,0
teide.games.troca,0
teinca.Colesterol,0
tek.converter2,0
tel.cjs.tomorrowreader,0
teleca.androidtalk.facade,0
telegra.ph,0
TellMeTheTime.App,0
tellnoo.com.tellnoo,0
temperature.converter,0
tennis.world,0
tenpearls.utrack.src,0
tenpin.app.free,0
tenthDoor.android.silenceMasterFree,0
teoricoexpress.test.es.teoricoexpress,0
teoricoexpress.test.es.teoricoexpress167A45308232C7AE03C0BFF744FA83D20B9B6A0B,0
tera.ti.factorizacion,0
terminal.eliminacode,0
termine.jamemasjid,0
Tertzoid.Nothing,0
tervooren.app.chemicalscore,0
tes.kerapatan.dpi,0
test.dankook,0
test.experiment,0
test.interview.answers.question.interview.test.app.testandinterview,0
test.second.choi,0
test.selab.hello_test,0
test.stopwatch,0
test.test2_2,0
test15.TQC.GDD03,0
test30.TQC.GDD02,0
test4.shallwead.devkt,0
test8.TQC.GDD01,0
testlab7.aaa.sc14_rankings,0
testlab7.aaa.sc14_rankings79a01990a3d628dc532c1b4bb7dfa4f498180662,0
testyourself.wix.com_education_C_BOE_30_demo,0
teugot.porn.browser,0
text2csv.gonar.appz,0
texting.app,0
texttospeech.egg.planet,0
tfc.sensors,0
tfdev.propertycalculator,0
tfilat.Ishmael,0
tfilat.IshmaelAE1672AA6DA76CE67E06C4363FFFE585AB6EA18F,0
tg.android.softkeyboard,0
tg.android.softkeyboardDE05B84396A4598B6E70D0B40111E66C5AD645C6,0
th.ac.chula.eng.cp.clicker,0
th.ac.kku.computer.kkuauth,0
th.bigbearapp.sabaideeradio,0
th.bigbearapp.ucl_lwp,0
th.co.siamsamsung.android.saps,0
th.go.hed.www,0
th.go.led.LedProperty,0
th.in.sbayit.aseanlanguage,0
th.niceloop,0
th.sunshineapps.mahjong,0
th.tlk.easy.en.x,0
thaifree.webtro.com,0
thaisports.smart.app,0
thanhletranngoc.calculator.pro,0
thanks.giving.zero,0
tharrosinfo.app,0
thau.commonportchecker,0
thdesigns.writeacheck,0
the.guj12,0
the.jefferson.bible.AOVWSCAPZGZVBDAVE,0
the.sanmobapps.android.civilcompletegateexam,0
the.sinbox2,0
the.thirteen.zero,0
the5starapps.aayushyamanbharatyojana,0
theah.SmartCharadesFree,0
theandroidworks.apps.PFSkin_Music,0
theavettbrothers.songbook,0
theBOSS.dontGetStuck,0
thecodegroup.connectedcity,0
thedotco.app.chinesefoodrecipes,0
thedotco.app.funny.animal.videos,0
thedotco.app.icehockeynews,0
thedotco.app.pianomusic,0
thedotco.app.rcairplanenews,0
thedotco.app.ufonewsandvideos,0
thedotco.app.yachtsboatsandsails,0
thejeffhealeyband.songbook,0
thejoyofmodernparenting.ebook,0
thelamfoundation.jsheridan.LAMFoundation,0
themagicofmiracles.ebook,0
theme.neon.line.color.stylish.dreamlike.launcher,0
theme.typany.u1001001055,0
theme.typany.u1001001057,0
theme.typany.u1001001129,0
theme.typany.u1001004300,0
theme.typany.u3000003456,0
theme.typany.u7000000125,0
theme.typany.u8000000534,0
theodorelau.questionquest,0
theouys.co.za,0
therapture.songbook,0
theredjumpsuitapparatus.songbook,0
thesimpsonstappedoutguide.app,0
thewholecake.altmodelgeneratorfree,0
thexolab.random.cuteness,0
thinkingparts.com,0
thinkthinker.com,0
thirddream.ringdroid,0
three.one3.istifta,0
threebapps.kitchentimer,0
threes2048.free.doodlegames,0
threestar.com.personalitydevelpoment,0
thuc.lockcracker,0
thx3.greatgod102903paperc,0
ti.taletext,0
tic.kntr,0
ticket.notes,0
ticket.status,0
tictactoe.app,0
tideTracker.US,0
tieu.thuyet.diep.lac.vo.tam.cuchot,0
tieuvu.cuocsong.loiphatdaytrongkinhtangnikaya,0
tieuvu.kinhPhat.kinhtieubo6chuyenthiencung,0
tieuvu.kinhPhat.kinhtieubo8truonglaotangke,0
tieuvu.kinhPhat.kinhtruongbo,0
tieuvu.lichsu.danhtangvn1,0
timber.volume.calculator.timbervolumecalculator,0
time.autoAppDemo,0
time.Picker,0
time.stamp.stamp,0
timer.serial_timer.serial_timer,0
timeshunt.hindi.dj.remix,0
timestop.gwenuin.tk.timestop,0
time_lapse.overmotion,0
tinyappworks.lotto,0
tinyappworks.lotto1C35A5B15BF0698470525EF7F36D649C8850B015,0
tip.calculator,0
tip.calculator.app,0
tip.calculator703C918FE5DB70E40EAE5E8C2E7B7F64EEAB2084,0
tip.machine,0
tips.randomdatingchat.chatousmakfriendguide,0
tipsexpert.footballtips,0
tit.fadr.klamhop,0
tiwiz.widget.icsbar,0
tj.afkor.football.AOUVOCWKVRFADLDSWU,0
tj.buildforuse.kgrate,0
tj.fresh_soft.mushvagurba,0
tj.main,0
tj.mobile.rooting.heroclass,0
tj.mobile.rooting_fun1,0
tjamu.under55,0
tk.alexapp.weightlossproductssamples,0
tk.artsakenos.iperoid,0
tk.eblushe.eradio,0
tk.ecstaziz.rd,0
tk.hasankassem.qiblacompass,0
tk.headdetect.apps.mcforge.remote.pro,0
tk.jairamrb.farmaciasdeguardia,0
tk.mergesoft.bricked,0
tk.m_pax.log4aslite,0
tk.pankratz.farbenlernen,0
tk.pankratz.zahlenlernen,0
tk.radioactivemineral.metronome,0
tk.seabattle,0
tk.spyfly.ingressmap,0
tk.ty3uk.extmiuiv7,0
tk2013.useful_clipboard,0
tkdduq.exam.venture,0
tkj.android.homecontrol.mythmote,0
tm.app.autoLoanCalculator,0
tm.app.babyCountdown,0
tm.dpfinfolite,0
tm.taxi.android.driver,0
tma.circlecontactshortcut,0
tma.contactwidgetresizable2,0
tme.my.modeling,0
tms.tw.governmentcase.KinmenBus,0
tn.idevelop.smsreader.eng,0
tn.souissihaythem.twittertrending,0
tn.uprodit.mobile,0
to.augmented.reality.android.em.sample,0
to.iplus.clishna.clstones,0
to.land.is.taqoo.bw_p,0
to.rei.NasuLogger,0
to.sd.tcalc,0
to.videosongs,0
to.x0.zanki.teikimanner,0
todak.todak,0
today.is.future.justscreenoff,0
toddrundgren.songbook,0
todo.list,0
toforge.android.wau,0
tokei.live.kabe.max02,0
tokei.live.kabe.max56,0
tokei.live.kabe.max5645fba22dfa5cd88053430e19c0376d6da533d198,0
tokei.live.kabe.max76,0
tokei.live.kabe.max84,0
tokyo.olympic2020,0
tom.example.android.Hormones,0
tom.webtxtr,0
tomb.keyboard.death.living.chicken.dinner,0
tombadroid.android.com,0
tombo.loid.uno,0
tommedley.android.tab,0
tomodell.songbook,0
tomplesko.app.esensor,0
tompng.sl,0
toneexcel.panduantoneexcel,0
tonibraxton.songbook,0
tool.notes.memo.diary,0
tool.scanner,0
toolappbasket.writesmsbyvoice,0
toolin.com.autobrightnesstester,0
tools.bmirechner,0
